"Symbol","GICS Sector","GICS Sub-Industry","Headquarters Location","Date added","CIK","Founded","date"
"MMM","Industrials","Industrial Conglomerates","Saint Paul, Minnesota","1976-08-09",66740,"1902",2023-02-07
"AOS","Industrials","Building Products","Milwaukee, Wisconsin","2017-07-26",91142,"1916",2023-02-07
"ABT","Health Care","Health Care Equipment","North Chicago, Illinois","1964-03-31",1800,"1888",2023-02-07
"ABBV","Health Care","Pharmaceuticals","North Chicago, Illinois","2012-12-31",1551152,"2013 (1888)",2023-02-07
"ACN","Information Technology","IT Consulting & Other Services","Dublin, Ireland","2011-07-06",1467373,"1989",2023-02-07
"ATVI","Communication Services","Interactive Home Entertainment","Santa Monica, California","2015-08-31",718877,"2008",2023-02-07
"ADM","Consumer Staples","Agricultural Products","Chicago, Illinois","1981-07-29",7084,"1902",2023-02-07
"ADBE","Information Technology","Application Software","San Jose, California","1997-05-05",796343,"1982",2023-02-07
"ADP","Information Technology","Data Processing & Outsourced Services","Roseland, New Jersey","1981-03-31",8670,"1949",2023-02-07
"AAP","Consumer Discretionary","Automotive Retail","Raleigh, North Carolina","2015-07-09",1158449,"1932",2023-02-07
"AES","Utilities","Independent Power Producers & Energy Traders","Arlington, Virginia","1998-10-02",874761,"1981",2023-02-07
"AFL","Financials","Life & Health Insurance","Columbus, Georgia","1999-05-28",4977,"1955",2023-02-07
"A","Health Care","Health Care Equipment","Santa Clara, California","2000-06-05",1090872,"1999",2023-02-07
"APD","Materials","Industrial Gases","Allentown, Pennsylvania","1985-04-30",2969,"1940",2023-02-07
"AKAM","Information Technology","Internet Services & Infrastructure","Cambridge, Massachusetts","2007-07-12",1086222,"1998",2023-02-07
"ALK","Industrials","Airlines","SeaTac, Washington","2016-05-13",766421,"1985",2023-02-07
"ALB","Materials","Specialty Chemicals","Charlotte, North Carolina","2016-07-01",915913,"1994",2023-02-07
"ARE","Real Estate","Office REITs","Pasadena, California","2017-03-20",1035443,"1994",2023-02-07
"ALGN","Health Care","Health Care Supplies","Tempe, Arizona","2017-06-19",1097149,"1997",2023-02-07
"ALLE","Industrials","Building Products","New York City, New York","2013-12-02",1579241,"1908",2023-02-07
"LNT","Utilities","Electric Utilities","Madison, Wisconsin","2016-07-01",352541,"1917",2023-02-07
"ALL","Financials","Property & Casualty Insurance","Northfield Township, Illinois","1995-07-13",899051,"1931",2023-02-07
"GOOGL","Communication Services","Interactive Media & Services","Mountain View, California","2014-04-03",1652044,"1998",2023-02-07
"GOOG","Communication Services","Interactive Media & Services","Mountain View, California","2006-04-03",1652044,"1998",2023-02-07
"MO","Consumer Staples","Tobacco","Richmond, Virginia","1957-03-04",764180,"1985",2023-02-07
"AMZN","Consumer Discretionary","Internet & Direct Marketing Retail","Seattle, Washington","2005-11-18",1018724,"1994",2023-02-07
"AMCR","Materials","Paper Packaging","Warmley, Bristol, United Kingdom","2019-06-07",1748790,"2019 (1860)",2023-02-07
"AMD","Information Technology","Semiconductors","Santa Clara, California","2017-03-20",2488,"1969",2023-02-07
"AEE","Utilities","Multi-Utilities","St. Louis, Missouri","1991-09-19",1002910,"1902",2023-02-07
"AAL","Industrials","Airlines","Fort Worth, Texas","2015-03-23",6201,"1934",2023-02-07
"AEP","Utilities","Electric Utilities","Columbus, Ohio","1957-03-04",4904,"1906",2023-02-07
"AXP","Financials","Consumer Finance","New York City, New York","1976-06-30",4962,"1850",2023-02-07
"AIG","Financials","Property & Casualty Insurance","New York City, New York","1980-03-31",5272,"1919",2023-02-07
"AMT","Real Estate","Specialized REITs","Boston, Massachusetts","2007-11-19",1053507,"1995",2023-02-07
"AWK","Utilities","Water Utilities","Camden, New Jersey","2016-03-04",1410636,"1886",2023-02-07
"AMP","Financials","Asset Management & Custody Banks","Minneapolis, Minnesota","2005-10-03",820027,"1894",2023-02-07
"ABC","Health Care","Health Care Distributors","Conshohocken, Pennsylvania","2001-08-30",1140859,"1985",2023-02-07
"AME","Industrials","Electrical Components & Equipment","Berwyn, Pennsylvania","2013-09-23",1037868,"1930",2023-02-07
"AMGN","Health Care","Biotechnology","Thousand Oaks, California","1992-01-02",318154,"1980",2023-02-07
"APH","Information Technology","Electronic Components","Wallingford, Connecticut","2008-09-30",820313,"1932",2023-02-07
"ADI","Information Technology","Semiconductors","Wilmington, Massachusetts","1999-10-12",6281,"1965",2023-02-07
"ANSS","Information Technology","Application Software","Canonsburg, Pennsylvania","2017-06-19",1013462,"1969",2023-02-07
"AON","Financials","Insurance Brokers","London, UK","1996-04-23",315293,"1982 (1919)",2023-02-07
"APA","Energy","Oil & Gas Exploration & Production","Houston, Texas","1997-07-28",1841666,"1954",2023-02-07
"AAPL","Information Technology","Technology Hardware, Storage & Peripherals","Cupertino, California","1982-11-30",320193,"1977",2023-02-07
"AMAT","Information Technology","Semiconductor Equipment","Santa Clara, California","1995-03-16",6951,"1967",2023-02-07
"APTV","Consumer Discretionary","Auto Parts & Equipment","Dublin, Ireland","2012-12-24",1521332,"1994",2023-02-07
"ACGL","Financials","Reinsurance","Hamilton, Bermuda","2022-11-01",947484,"1995",2023-02-07
"ANET","Information Technology","Communications Equipment","Santa Clara, California","2018-08-28",1596532,"2004",2023-02-07
"AJG","Financials","Insurance Brokers","Rolling Meadows, Illinois","2016-05-31",354190,"1927",2023-02-07
"AIZ","Financials","Multi-line Insurance","New York City, New York","2007-04-10",1267238,"1892",2023-02-07
"T","Communication Services","Integrated Telecommunication Services","Dallas, Texas","1983-11-30 (1957-03-04)",732717,"1983 (1885)",2023-02-07
"ATO","Utilities","Gas Utilities","Dallas, Texas","2019-02-15",731802,"1906",2023-02-07
"ADSK","Information Technology","Application Software","San Francisco, California","1989-12-01",769397,"1982",2023-02-07
"AZO","Consumer Discretionary","Specialty Stores","Memphis, Tennessee","1997-01-02",866787,"1979",2023-02-07
"AVB","Real Estate","Residential REITs","Arlington, Virginia","2007-01-10",915912,"1978",2023-02-07
"AVY","Materials","Paper Packaging","Glendale, California","1987-12-31",8818,"1990",2023-02-07
"BKR","Energy","Oil & Gas Equipment & Services","Houston, Texas","2017-07-07",1701605,"2017",2023-02-07
"BALL","Materials","Metal & Glass Containers","Broomfield, Colorado","1984-10-31",9389,"1880",2023-02-07
"BAC","Financials","Diversified Banks","Charlotte, North Carolina","1976-06-30",70858,"1998 (1923 / 1874)",2023-02-07
"BBWI","Consumer Discretionary","Specialty Stores","Columbus, Ohio","1983-09-30",701985,"1963",2023-02-07
"BAX","Health Care","Health Care Equipment","Deerfield, Illinois","1972-09-30",10456,"1931",2023-02-07
"BDX","Health Care","Health Care Equipment","Franklin Lakes, New Jersey","1972-09-30",10795,"1897",2023-02-07
"WRB","Financials","Property & Casualty Insurance","Greenwich, Connecticut","2019-12-05",11544,"1967",2023-02-07
"BRK.B","Financials","Multi-Sector Holdings","Omaha, Nebraska","2010-02-16",1067983,"1839",2023-02-07
"BBY","Consumer Discretionary","Computer & Electronics Retail","Richfield, Minnesota","1999-06-29",764478,"1966",2023-02-07
"BIO","Health Care","Life Sciences Tools & Services","Hercules, California","2020-06-22",12208,"1952",2023-02-07
"TECH","Health Care","Life Sciences Tools & Services","Minneapolis, Minnesota","2021-08-30",842023,"1976",2023-02-07
"BIIB","Health Care","Biotechnology","Cambridge, Massachusetts","2003-11-13",875045,"1978",2023-02-07
"BLK","Financials","Asset Management & Custody Banks","New York City, New York","2011-04-04",1364742,"1988",2023-02-07
"BK","Financials","Asset Management & Custody Banks","New York City, New York","1995-03-31",1390777,"1784",2023-02-07
"BA","Industrials","Aerospace & Defense","Chicago, Illinois","1957-03-04",12927,"1916",2023-02-07
"BKNG","Consumer Discretionary","Internet & Direct Marketing Retail","Norwalk, Connecticut","2009-11-06",1075531,"1996",2023-02-07
"BWA","Consumer Discretionary","Auto Parts & Equipment","Auburn Hills, Michigan","2011-12-19",908255,"1880",2023-02-07
"BXP","Real Estate","Office REITs","Boston, Massachusetts","2006-04-03",1037540,"1970",2023-02-07
"BSX","Health Care","Health Care Equipment","Marlborough, Massachusetts","1995-02-24",885725,"1979",2023-02-07
"BMY","Health Care","Pharmaceuticals","New York City, New York","1957-03-04",14272,"1989 (1887)",2023-02-07
"AVGO","Information Technology","Semiconductors","San Jose, California","2014-05-08",1730168,"1961",2023-02-07
"BR","Information Technology","Data Processing & Outsourced Services","Lake Success, New York","2018-06-18",1383312,"1962",2023-02-07
"BRO","Financials","Insurance Brokers","Daytona Beach, Florida","2021-09-20",79282,"1939",2023-02-07
"BF.B","Consumer Staples","Distillers & Vintners","Louisville, Kentucky","1982-10-31",14693,"1870",2023-02-07
"CHRW","Industrials","Air Freight & Logistics","Eden Prairie, Minnesota","2007-03-02",1043277,"1905",2023-02-07
"CDNS","Information Technology","Application Software","San Jose, California","2017-09-18",813672,"1988",2023-02-07
"CZR","Consumer Discretionary","Casinos & Gaming","Reno, Nevada","2021-03-22",1590895,"1973",2023-02-07
"CPT","Real Estate","Residential REITs","Houston, Texas","2022-04-04",906345,"1981",2023-02-07
"CPB","Consumer Staples","Packaged Foods & Meats","Camden, New Jersey","1957-03-04",16732,"1869",2023-02-07
"COF","Financials","Consumer Finance","Tysons Corner, Virginia","1998-07-01",927628,"1994",2023-02-07
"CAH","Health Care","Health Care Distributors","Dublin, Ohio","1997-05-27",721371,"1971",2023-02-07
"KMX","Consumer Discretionary","Automotive Retail","Richmond, Virginia","2010-06-28",1170010,"1993",2023-02-07
"CCL","Consumer Discretionary","Hotels, Resorts & Cruise Lines","Miami, Florida","1998-12-22",815097,"1972",2023-02-07
"CARR","Industrials","Building Products","Palm Beach Gardens, Florida","2020-04-03",1783180,"2020 (1915)",2023-02-07
"CTLT","Health Care","Pharmaceuticals","Somerset, New Jersey","2020-09-21",1596783,"2007",2023-02-07
"CAT","Industrials","Construction Machinery & Heavy Trucks","Irving, Texas","1957-03-04",18230,"1925",2023-02-07
"CBOE","Financials","Financial Exchanges & Data","Chicago, Illinois","2017-03-01",1374310,"1973",2023-02-07
"CBRE","Real Estate","Real Estate Services","Dallas, Texas","2006-11-10",1138118,"1906",2023-02-07
"CDW","Information Technology","Technology Distributors","Lincolnshire, Illinois","2019-09-23",1402057,"1984",2023-02-07
"CE","Materials","Specialty Chemicals","Irving, Texas","2018-12-24",1306830,"1918",2023-02-07
"CNC","Health Care","Managed Health Care","St. Louis, Missouri","2016-03-30",1071739,"1984",2023-02-07
"CNP","Utilities","Multi-Utilities","Houston, Texas","1985-07-31",1130310,"1882",2023-02-07
"CDAY","Information Technology","Application Software","Minneapolis, Minnesota","2021-09-20",1725057,"1992",2023-02-07
"CF","Materials","Fertilizers & Agricultural Chemicals","Deerfield, Illinois","2008-08-27",1324404,"1946",2023-02-07
"CRL","Health Care","Life Sciences Tools & Services","Wilmington, Massachusetts","2021-05-14",1100682,"1947",2023-02-07
"SCHW","Financials","Investment Banking & Brokerage","Westlake, Texas","1997-06-02",316709,"1971",2023-02-07
"CHTR","Communication Services","Cable & Satellite","Stamford, Connecticut","2016-09-08",1091667,"1993",2023-02-07
"CVX","Energy","Integrated Oil & Gas","San Ramon, California","1957-03-04",93410,"1879",2023-02-07
"CMG","Consumer Discretionary","Restaurants","Newport Beach, California","2011-04-28",1058090,"1993",2023-02-07
"CB","Financials","Property & Casualty Insurance","Zurich, Switzerland","2010-07-15",896159,"1985",2023-02-07
"CHD","Consumer Staples","Household Products","Ewing, New Jersey","2015-12-29",313927,"1847",2023-02-07
"CI","Health Care","Managed Health Care","Bloomfield, Connecticut","1976-06-30",1739940,"1982",2023-02-07
"CINF","Financials","Property & Casualty Insurance","Fairfield, Ohio","1997-12-18",20286,"1950",2023-02-07
"CTAS","Industrials","Diversified Support Services","Mason, Ohio","2001-03-01",723254,"1929",2023-02-07
"CSCO","Information Technology","Communications Equipment","San Jose, California","1993-12-01",858877,"1984",2023-02-07
"C","Financials","Diversified Banks","New York City, New York","1988-05-31",831001,"1998",2023-02-07
"CFG","Financials","Regional Banks","Providence, Rhode Island","2016-01-29",759944,"1828",2023-02-07
"CLX","Consumer Staples","Household Products","Oakland, California","1969-03-31",21076,"1913",2023-02-07
"CME","Financials","Financial Exchanges & Data","Chicago, Illinois","2006-08-11",1156375,"1848",2023-02-07
"CMS","Utilities","Multi-Utilities","Jackson, Michigan","1999-05-03",811156,"1886",2023-02-07
"KO","Consumer Staples","Soft Drinks","Atlanta, Georgia","1957-03-04",21344,"1886",2023-02-07
"CTSH","Information Technology","IT Consulting & Other Services","Teaneck, New Jersey","2006-11-17",1058290,"1994",2023-02-07
"CL","Consumer Staples","Household Products","New York City, New York","1957-03-04",21665,"1806",2023-02-07
"CMCSA","Communication Services","Cable & Satellite","Philadelphia, Pennsylvania","2002-11-19",1166691,"1963",2023-02-07
"CMA","Financials","Diversified Banks","Dallas, Texas","1995-12-01",28412,"1849",2023-02-07
"CAG","Consumer Staples","Packaged Foods & Meats","Chicago, Illinois","1983-08-31",23217,"1919",2023-02-07
"COP","Energy","Oil & Gas Exploration & Production","Houston, Texas","1957-03-04",1163165,"2002",2023-02-07
"ED","Utilities","Electric Utilities","New York City, New York","",1047862,"1823",2023-02-07
"STZ","Consumer Staples","Distillers & Vintners","Victor, New York","2005-07-01",16918,"1945",2023-02-07
"CEG","Utilities","Multi-Utilities","Baltimore, Maryland","2022-02-02",1868275,"1999",2023-02-07
"COO","Health Care","Health Care Supplies","San Ramon, California","2016-09-23",711404,"1958",2023-02-07
"CPRT","Industrials","Diversified Support Services","Dallas, Texas","2018-07-02",900075,"1982",2023-02-07
"GLW","Information Technology","Electronic Components","Corning, New York","",24741,"1851",2023-02-07
"CTVA","Materials","Fertilizers & Agricultural Chemicals","Indianapolis, Indiana","2019-06-03",1755672,"2019",2023-02-07
"CSGP","Industrials","Research & Consulting Services","Washington, D.C.","2022-09-19",1057352,"1987",2023-02-07
"COST","Consumer Staples","Hypermarkets & Super Centers","Issaquah, Washington","1993-10-01",909832,"1976",2023-02-07
"CTRA","Energy","Oil & Gas Exploration & Production","Houston, Texas","2008-06-23",858470,"2021 (1989)",2023-02-07
"CCI","Real Estate","Specialized REITs","Houston, Texas","2012-03-14",1051470,"1994",2023-02-07
"CSX","Industrials","Railroads","Jacksonville, Florida","1967-09-30",277948,"1980",2023-02-07
"CMI","Industrials","Industrial Machinery","Columbus, Indiana","1965-03-31",26172,"1919",2023-02-07
"CVS","Health Care","Health Care Services","Woonsocket, Rhode Island","1957-03-04",64803,"1996",2023-02-07
"DHI","Consumer Discretionary","Homebuilding","Arlington, Texas","2005-06-22",882184,"1978",2023-02-07
"DHR","Health Care","Health Care Equipment","Washington, D.C.","",313616,"1969",2023-02-07
"DRI","Consumer Discretionary","Restaurants","Orlando, Florida","",940944,"1938",2023-02-07
"DVA","Health Care","Health Care Facilities","Denver, Colorado","2008-07-31",927066,"1979",2023-02-07
"DE","Industrials","Agricultural & Farm Machinery","Moline, Illinois","1957-03-04",315189,"1837",2023-02-07
"DAL","Industrials","Airlines","Atlanta, Georgia","2013-09-11",27904,"1929",2023-02-07
"XRAY","Health Care","Health Care Supplies","Charlotte, North Carolina","2008-11-14",818479,"2016 (1969)",2023-02-07
"DVN","Energy","Oil & Gas Exploration & Production","Oklahoma City, Oklahoma","2000-08-30",1090012,"1971",2023-02-07
"DXCM","Health Care","Health Care Equipment","San Diego, California","2020-05-12",1093557,"1999",2023-02-07
"FANG","Energy","Oil & Gas Exploration & Production","Midland, Texas","2018-12-03",1539838,"2007",2023-02-07
"DLR","Real Estate","Specialized REITs","Austin, Texas","2016-05-18",1297996,"2004",2023-02-07
"DFS","Financials","Consumer Finance","Riverwoods, Illinois","2007-07-02",1393612,"1985",2023-02-07
"DISH","Communication Services","Cable & Satellite","Meridian, Colorado","2017-03-13",1001082,"1980",2023-02-07
"DIS","Communication Services","Movies & Entertainment","Burbank, California","1976-06-30",1744489,"1923",2023-02-07
"DG","Consumer Discretionary","General Merchandise Stores","Goodlettsville, Tennessee","2012-12-03",29534,"1939",2023-02-07
"DLTR","Consumer Discretionary","General Merchandise Stores","Chesapeake, Virginia","2011-12-19",935703,"1986",2023-02-07
"D","Utilities","Electric Utilities","Richmond, Virginia","",715957,"1983",2023-02-07
"DPZ","Consumer Discretionary","Restaurants","Ann Arbor, Michigan","2020-05-12",1286681,"1960",2023-02-07
"DOV","Industrials","Industrial Machinery","Downers Grove, Illinois","1985-10-31",29905,"1955",2023-02-07
"DOW","Materials","Commodity Chemicals","Midland, Michigan","2019-04-01",1751788,"2019",2023-02-07
"DTE","Utilities","Multi-Utilities","Detroit, Michigan","1957-03-04",936340,"1995",2023-02-07
"DUK","Utilities","Electric Utilities","Charlotte, North Carolina","1976-06-30",1326160,"1904",2023-02-07
"DD","Materials","Specialty Chemicals","Wilmington, Delaware","2019-04-02",1666700,"2017",2023-02-07
"DXC","Information Technology","IT Consulting & Other Services","Tysons Corner, Virginia","2017-04-04",1688568,"2017",2023-02-07
"EMN","Materials","Diversified Chemicals","Kingsport, Tennessee","1994-01-01",915389,"1920",2023-02-07
"ETN","Industrials","Electrical Components & Equipment","Dublin, Ireland","",1551182,"1911",2023-02-07
"EBAY","Consumer Discretionary","Internet & Direct Marketing Retail","San Jose, California","2002-07-22",1065088,"1995",2023-02-07
"ECL","Materials","Specialty Chemicals","Saint Paul, Minnesota","1989-01-31",31462,"1923",2023-02-07
"EIX","Utilities","Electric Utilities","Rosemead, California","1957-03-04",827052,"1886",2023-02-07
"EW","Health Care","Health Care Equipment","Irvine, California","2011-04-01",1099800,"1958",2023-02-07
"EA","Communication Services","Interactive Home Entertainment","Redwood City, California","2002-07-22",712515,"1982",2023-02-07
"ELV","Health Care","Managed Health Care","Indianapolis, Indiana","2002-07-25",1156039,"2014 (1946)",2023-02-07
"LLY","Health Care","Pharmaceuticals","Indianapolis, Indiana","1970-12-31",59478,"1876",2023-02-07
"EMR","Industrials","Electrical Components & Equipment","Ferguson, Missouri","1965-03-31",32604,"1890",2023-02-07
"ENPH","Information Technology","Electronic Components","Fremont, California","2021-01-07",1463101,"2006",2023-02-07
"ETR","Utilities","Electric Utilities","New Orleans, Louisiana","1957-03-04",65984,"1913",2023-02-07
"EOG","Energy","Oil & Gas Exploration & Production","Houston, Texas","2000-11-02",821189,"1999",2023-02-07
"EPAM","Information Technology","IT Consulting & Other Services","Newtown, Pennsylvania","2021-12-14",1352010,"1993",2023-02-07
"EQT","Energy","Oil & Gas Exploration & Production","Pittsburgh, Pennsylvania","2022-10-03",33213,"1888",2023-02-07
"EFX","Industrials","Research & Consulting Services","Atlanta, Georgia","1997-06-19",33185,"1899",2023-02-07
"EQIX","Real Estate","Specialized REITs","Redwood City, California","2015-03-20",1101239,"1998",2023-02-07
"EQR","Real Estate","Residential REITs","Chicago, Illinois","2001-12-03",906107,"1969",2023-02-07
"ESS","Real Estate","Residential REITs","San Mateo, California","2014-04-02",920522,"1971",2023-02-07
"EL","Consumer Staples","Personal Products","New York City, New York","2006-01-05",1001250,"1946",2023-02-07
"ETSY","Consumer Discretionary","Internet & Direct Marketing Retail","New York City, New York","2020-09-21",1370637,"2005",2023-02-07
"RE","Financials","Reinsurance","Hamilton, Bermuda","2017-06-19",1095073,"1973",2023-02-07
"EVRG","Utilities","Electric Utilities","Kansas City, Missouri","2018-06-05",1711269,"1909",2023-02-07
"ES","Utilities","Multi-Utilities","Hartford, Connecticut","2009",72741,"1966",2023-02-07
"EXC","Utilities","Multi-Utilities","Chicago, Illinois","1957-03-04",1109357,"2000",2023-02-07
"EXPE","Consumer Discretionary","Internet & Direct Marketing Retail","Seattle, Washington","2007-10-02",1324424,"1996",2023-02-07
"EXPD","Industrials","Air Freight & Logistics","Seattle, Washington","2007-10-10",746515,"1979",2023-02-07
"EXR","Real Estate","Specialized REITs","Salt Lake City, Utah","2016-01-19",1289490,"1977",2023-02-07
"XOM","Energy","Integrated Oil & Gas","Irving, Texas","1957-03-04",34088,"1999",2023-02-07
"FFIV","Information Technology","Communications Equipment","Seattle, Washington","2010-12-20",1048695,"1996",2023-02-07
"FDS","Financials","Financial Exchanges & Data","Norwalk, Connecticut","2021-12-20",1013237,"1978",2023-02-07
"FAST","Industrials","Building Products","Winona, Minnesota","2008-09-15",815556,"1967",2023-02-07
"FRT","Real Estate","Retail REITs","Rockville, Maryland","2016-02-01",34903,"1962",2023-02-07
"FDX","Industrials","Air Freight & Logistics","Memphis, Tennessee","1980-12-31",1048911,"1971",2023-02-07
"FITB","Financials","Regional Banks","Cincinnati, Ohio","",35527,"1858",2023-02-07
"FRC","Financials","Regional Banks","San Francisco, California","2019-01-02",1132979,"1985",2023-02-07
"FSLR","Information Technology","Semiconductors","Tempe, Arizona","2022-12-19",1274494,"1999",2023-02-07
"FE","Utilities","Electric Utilities","Akron, Ohio","",1031296,"1997",2023-02-07
"FIS","Information Technology","Data Processing & Outsourced Services","Jacksonville, Florida","2006-11-10",1136893,"1968",2023-02-07
"FISV","Information Technology","Data Processing & Outsourced Services","Brookfield, Wisconsin","2001-04-02",798354,"1984",2023-02-07
"FLT","Information Technology","Data Processing & Outsourced Services","Atlanta, Georgia","2018-06-20",1175454,"2000",2023-02-07
"FMC","Materials","Fertilizers & Agricultural Chemicals","Philadelphia, Pennsylvania","2009-08-19",37785,"1883",2023-02-07
"F","Consumer Discretionary","Automobile Manufacturers","Dearborn, Michigan","1957-03-04",37996,"1903",2023-02-07
"FTNT","Information Technology","Systems Software","Sunnyvale, California","2018-10-11",1262039,"2000",2023-02-07
"FTV","Industrials","Industrial Machinery","Everett, Washington","2016-07-01",1659166,"2016",2023-02-07
"FOXA","Communication Services","Movies & Entertainment","New York City, New York","2013-07-01",1754301,"2019",2023-02-07
"FOX","Communication Services","Movies & Entertainment","New York City, New York","2015-09-18",1754301,"2019",2023-02-07
"BEN","Financials","Asset Management & Custody Banks","San Mateo, California","",38777,"1947",2023-02-07
"FCX","Materials","Copper","Phoenix, Arizona","",831259,"1912",2023-02-07
"GRMN","Consumer Discretionary","Consumer Electronics","Schaffhausen, Switzerland","2012-12-12",1121788,"1989",2023-02-07
"IT","Information Technology","IT Consulting & Other Services","Stamford, Connecticut","2017-04-05",749251,"1979",2023-02-07
"GEHC","Health Care","Health Care Technology","Chicago, Illinois","2023-01-04",1932393,"1994",2023-02-07
"GEN","Information Technology","Application Software","Tempe, Arizona","2003-03-25",849399,"1982",2023-02-07
"GNRC","Industrials","Electrical Components & Equipment","Waukesha, Wisconsin","2021-03-22",1474735,"1959",2023-02-07
"GD","Industrials","Aerospace & Defense","Falls Church, Virginia","1957-03-04",40533,"1899",2023-02-07
"GE","Industrials","Industrial Conglomerates","Boston, Massachusetts","",40545,"1892",2023-02-07
"GIS","Consumer Staples","Packaged Foods & Meats","Golden Valley, Minnesota","1969-03-31",40704,"1856",2023-02-07
"GM","Consumer Discretionary","Automobile Manufacturers","Detroit, Michigan","2013-06-06",1467858,"1908",2023-02-07
"GPC","Consumer Discretionary","Specialty Stores","Atlanta, Georgia","1973-12-31",40987,"1925",2023-02-07
"GILD","Health Care","Biotechnology","Foster City, California","2004-07-01",882095,"1987",2023-02-07
"GL","Financials","Life & Health Insurance","McKinney, Texas","1989-04-30",320335,"1900",2023-02-07
"GPN","Information Technology","Data Processing & Outsourced Services","Atlanta, Georgia","2016-04-25",1123360,"2000",2023-02-07
"GS","Financials","Investment Banking & Brokerage","New York City, New York","2002-07-22",886982,"1869",2023-02-07
"HAL","Energy","Oil & Gas Equipment & Services","Houston, Texas","1957-03-04",45012,"1919",2023-02-07
"HIG","Financials","Property & Casualty Insurance","Hartford, Connecticut","1957-03-04",874766,"1810",2023-02-07
"HAS","Consumer Discretionary","Leisure Products","Pawtucket, Rhode Island","1984-09-30",46080,"1923",2023-02-07
"HCA","Health Care","Health Care Facilities","Nashville, Tennessee","2015-01-27",860730,"1968",2023-02-07
"PEAK","Real Estate","Health Care REITs","Long Beach, California","2008-03-31",765880,"1985",2023-02-07
"HSIC","Health Care","Health Care Distributors","Melville, New York","2015-03-17",1000228,"1932",2023-02-07
"HSY","Consumer Staples","Packaged Foods & Meats","Hershey, Pennsylvania","1957-03-04",47111,"1894",2023-02-07
"HES","Energy","Integrated Oil & Gas","New York City, New York","1984-05-31",4447,"1919",2023-02-07
"HPE","Information Technology","Technology Hardware, Storage & Peripherals","Houston, Texas","2015-11-02",1645590,"2015",2023-02-07
"HLT","Consumer Discretionary","Hotels, Resorts & Cruise Lines","Tysons Corner, Virginia","2017-06-19",1585689,"1919",2023-02-07
"HOLX","Health Care","Health Care Equipment","Marlborough, Massachusetts","2016-03-30",859737,"1985",2023-02-07
"HD","Consumer Discretionary","Home Improvement Retail","Atlanta, Georgia","1988-03-31",354950,"1978",2023-02-07
"HON","Industrials","Industrial Conglomerates","Charlotte, North Carolina","1964-03-31",773840,"1906",2023-02-07
"HRL","Consumer Staples","Packaged Foods & Meats","Austin, Minnesota","2009-03-04",48465,"1891",2023-02-07
"HST","Real Estate","Hotel & Resort REITs","Bethesda, Maryland","2007-03-20",1070750,"1993",2023-02-07
"HWM","Industrials","Aerospace & Defense","Pittsburgh, Pennsylvania","1964-03-31",4281,"2016",2023-02-07
"HPQ","Information Technology","Technology Hardware, Storage & Peripherals","Palo Alto, California","1974-12-31",47217,"1939 (2015)",2023-02-07
"HUM","Health Care","Managed Health Care","Louisville, Kentucky","",49071,"1961",2023-02-07
"HBAN","Financials","Regional Banks","Columbus, Ohio; Detroit, Michigan","",49196,"1866",2023-02-07
"HII","Industrials","Aerospace & Defense","Newport News, Virginia","2018-01-03",1501585,"2011",2023-02-07
"IBM","Information Technology","IT Consulting & Other Services","Armonk, New York","1957-03-04",51143,"1911",2023-02-07
"IEX","Industrials","Industrial Machinery","Lake Forest, Illinois","2019-08-09",832101,"1988",2023-02-07
"IDXX","Health Care","Health Care Equipment","Westbrook, Maine","2017-01-05",874716,"1983",2023-02-07
"ITW","Industrials","Industrial Machinery","Glenview, Illinois","1986-02-28",49826,"1912",2023-02-07
"ILMN","Health Care","Life Sciences Tools & Services","San Diego, California","2015-11-19",1110803,"1998",2023-02-07
"INCY","Health Care","Biotechnology","Wilmington, Delaware","2017-02-28",879169,"1991",2023-02-07
"IR","Industrials","Industrial Machinery","Davidson, North Carolina","2020-03-03",1699150,"1859",2023-02-07
"INTC","Information Technology","Semiconductors","Santa Clara, California","1976-12-31",50863,"1968",2023-02-07
"ICE","Financials","Financial Exchanges & Data","Atlanta, Georgia","2007-09-26",1571949,"2000",2023-02-07
"IP","Materials","Paper Packaging","Memphis, Tennessee","1957-03-04",51434,"1898",2023-02-07
"IPG","Communication Services","Advertising","New York City, New York","1992-10-01",51644,"1961 (1930)",2023-02-07
"IFF","Materials","Specialty Chemicals","New York City, New York","1976-03-31",51253,"1958 (1889)",2023-02-07
"INTU","Information Technology","Application Software","Mountain View, California","2000-12-05",896878,"1983",2023-02-07
"ISRG","Health Care","Health Care Equipment","Sunnyvale, California","2008-06-02",1035267,"1995",2023-02-07
"IVZ","Financials","Asset Management & Custody Banks","Atlanta, Georgia","2008-08-21",914208,"1935",2023-02-07
"INVH","Real Estate","Residential REITs","Dallas, Texas","2022-09-19",1687229,"2012",2023-02-07
"IQV","Health Care","Life Sciences Tools & Services","Durham, North Carolina","2017-08-29",1478242,"1982",2023-02-07
"IRM","Real Estate","Specialized REITs","Boston, Massachusetts","2009-01-06",1020569,"1951",2023-02-07
"JBHT","Industrials","Trucking","Lowell, Arkansas","2015-07-01",728535,"1961",2023-02-07
"JKHY","Information Technology","Data Processing & Outsourced Services","Monett, Missouri","2018-11-13",779152,"1976",2023-02-07
"J","Industrials","Construction & Engineering","Dallas, Texas","2007-10-26",52988,"1947",2023-02-07
"JNJ","Health Care","Pharmaceuticals","New Brunswick, New Jersey","1973-06-30",200406,"1886",2023-02-07
"JCI","Industrials","Building Products","Cork, Ireland","2010-08-27",833444,"1885",2023-02-07
"JPM","Financials","Diversified Banks","New York City, New York","1975-06-30",19617,"2000 (1799 / 1871)",2023-02-07
"JNPR","Information Technology","Communications Equipment","Sunnyvale, California","2006-06-02",1043604,"1996",2023-02-07
"K","Consumer Staples","Packaged Foods & Meats","Battle Creek, Michigan","1989-09-11",55067,"1906",2023-02-07
"KDP","Consumer Staples","Soft Drinks","Burlington, Massachusetts","2022-06-21",1418135,"1981",2023-02-07
"KEY","Financials","Regional Banks","Cleveland, Ohio","1994-03-01",91576,"1825",2023-02-07
"KEYS","Information Technology","Electronic Equipment & Instruments","Santa Rosa, California","2018-11-06",1601046,"2014 (1939)",2023-02-07
"KMB","Consumer Staples","Household Products","Irving, Texas","1957-03-04",55785,"1872",2023-02-07
"KIM","Real Estate","Retail REITs","New Hyde Park, New York","2006-04-04",879101,"1958",2023-02-07
"KMI","Energy","Oil & Gas Storage & Transportation","Houston, Texas","2012-05-25",1506307,"1997",2023-02-07
"KLAC","Information Technology","Semiconductor Equipment","Milpitas, California","",319201,"1975/1977 (1997)",2023-02-07
"KHC","Consumer Staples","Packaged Foods & Meats","Chicago, Illinois; Pittsburgh, Pennsylvania","2015-07-06",1637459,"2015 (1869)",2023-02-07
"KR","Consumer Staples","Food Retail","Cincinnati, Ohio","1957-03-04",56873,"1883",2023-02-07
"LHX","Industrials","Aerospace & Defense","Melbourne, Florida","2008-09-22",202058,"2019 (1895)",2023-02-07
"LH","Health Care","Health Care Services","Burlington, North Carolina","2004-11-01",920148,"1978",2023-02-07
"LRCX","Information Technology","Semiconductor Equipment","Fremont, California","2012-06-29",707549,"1980",2023-02-07
"LW","Consumer Staples","Packaged Foods & Meats","Eagle, Idaho","2018-12-03",1679273,"2016 (1950)",2023-02-07
"LVS","Consumer Discretionary","Casinos & Gaming","Las Vegas, Nevada","2019-10-03",1300514,"1988",2023-02-07
"LDOS","Industrials","Diversified Support Services","Reston, Virginia","2019-08-09",1336920,"1969",2023-02-07
"LEN","Consumer Discretionary","Homebuilding","Miami, Florida","2005-10-04",920760,"1954",2023-02-07
"LNC","Financials","Multi-line Insurance","Radnor, Pennsylvania","1976-06-30",59558,"1905",2023-02-07
"LIN","Materials","Industrial Gases","Guildford, United Kingdom","1992-07-01",1707925,"1879",2023-02-07
"LYV","Communication Services","Movies & Entertainment","Beverly Hills, California","2019-12-23",1335258,"2010",2023-02-07
"LKQ","Consumer Discretionary","Distributors","Chicago, Illinois","2016-05-23",1065696,"1998",2023-02-07
"LMT","Industrials","Aerospace & Defense","Bethesda, Maryland","1984-07-31",936468,"1995",2023-02-07
"L","Financials","Multi-line Insurance","New York City, New York","",60086,"1959",2023-02-07
"LOW","Consumer Discretionary","Home Improvement Retail","Mooresville, North Carolina","1984-02-29",60667,"1904/1946/1959",2023-02-07
"LUMN","Communication Services","Alternative Carriers","Monroe, Louisiana","1999-03-25",18926,"1983 (1877)",2023-02-07
"LYB","Materials","Specialty Chemicals","Rotterdam, Netherlands","2012-09-05",1489393,"2007",2023-02-07
"MTB","Financials","Regional Banks","Buffalo, New York","2004-02-23",36270,"1856",2023-02-07
"MRO","Energy","Oil & Gas Exploration & Production","Houston, Texas","1991-05-01",101778,"1887",2023-02-07
"MPC","Energy","Oil & Gas Refining & Marketing","Findlay, Ohio","2011-07-01",1510295,"2009 (1887)",2023-02-07
"MKTX","Financials","Financial Exchanges & Data","New York City, New York","2019-07-01",1278021,"2000",2023-02-07
"MAR","Consumer Discretionary","Hotels, Resorts & Cruise Lines","Bethesda, Maryland","",1048286,"1927",2023-02-07
"MMC","Financials","Insurance Brokers","New York City, New York","1987-08-31",62709,"1905",2023-02-07
"MLM","Materials","Construction Materials","Raleigh, North Carolina","2014-07-02",916076,"1993",2023-02-07
"MAS","Industrials","Building Products","Livonia, Michigan","1981-06-30",62996,"1929",2023-02-07
"MA","Information Technology","Data Processing & Outsourced Services","Harrison, New York","2008-07-18",1141391,"1966",2023-02-07
"MTCH","Communication Services","Interactive Media & Services","Dallas, Texas","2021-09-20",891103,"1986",2023-02-07
"MKC","Consumer Staples","Packaged Foods & Meats","Hunt Valley, Maryland","2003-03-20",63754,"1889",2023-02-07
"MCD","Consumer Discretionary","Restaurants","Chicago, Illinois","1970-06-30",63908,"1940",2023-02-07
"MCK","Health Care","Health Care Distributors","Irving, Texas","",927653,"1833",2023-02-07
"MDT","Health Care","Health Care Equipment","Dublin, Ireland","1986-10-31",1613103,"1949",2023-02-07
"MRK","Health Care","Pharmaceuticals","Kenilworth, New Jersey","1957-03-04",310158,"1891",2023-02-07
"META","Communication Services","Interactive Media & Services","Menlo Park, California","2013-12-23",1326801,"2004",2023-02-07
"MET","Financials","Life & Health Insurance","New York City, New York","",1099219,"1868",2023-02-07
"MTD","Health Care","Life Sciences Tools & Services","Columbus, Ohio","2016-09-06",1037646,"1945",2023-02-07
"MGM","Consumer Discretionary","Casinos & Gaming","Paradise, Nevada","2017-07-26",789570,"1986",2023-02-07
"MCHP","Information Technology","Semiconductors","Chandler, Arizona","2007-09-07",827054,"1989",2023-02-07
"MU","Information Technology","Semiconductors","Boise, Idaho","1994-09-27",723125,"1978",2023-02-07
"MSFT","Information Technology","Systems Software","Redmond, Washington","1994-06-01",789019,"1975",2023-02-07
"MAA","Real Estate","Residential REITs","Memphis, Tennessee","2016-12-02",912595,"1977",2023-02-07
"MRNA","Health Care","Biotechnology","Cambridge, Massachusetts","2021-07-21",1682852,"2010",2023-02-07
"MHK","Consumer Discretionary","Home Furnishings","Calhoun, Georgia","2013-12-23",851968,"1878",2023-02-07
"MOH","Health Care","Managed Health Care","Long Beach, California","2022-03-02",1179929,"1980",2023-02-07
"TAP","Consumer Staples","Brewers","Chicago, Illinois","1976-06-30",24545,"2005 (Molson 1786, Coors 1873)",2023-02-07
"MDLZ","Consumer Staples","Packaged Foods & Meats","Chicago, Illinois","2012-10-02",1103982,"2012",2023-02-07
"MPWR","Information Technology","Semiconductors","Kirkland, Washington","2021-02-12",1280452,"1997",2023-02-07
"MNST","Consumer Staples","Soft Drinks","Corona, California","2012-06-28",865752,"2012 (1935)",2023-02-07
"MCO","Financials","Financial Exchanges & Data","New York City, New York","",1059556,"1909",2023-02-07
"MS","Financials","Investment Banking & Brokerage","New York City, New York","",895421,"1935",2023-02-07
"MOS","Materials","Fertilizers & Agricultural Chemicals","Tampa, Florida","2011-09-26",1285785,"2004 (1865 / 1909)",2023-02-07
"MSI","Information Technology","Communications Equipment","Chicago, Illinois","",68505,"1928 (2011)",2023-02-07
"MSCI","Financials","Financial Exchanges & Data","New York City, New York","2018-04-04",1408198,"1969",2023-02-07
"NDAQ","Financials","Financial Exchanges & Data","New York City, New York","2008-10-22",1120193,"1971",2023-02-07
"NTAP","Information Technology","Technology Hardware, Storage & Peripherals","San Jose, California","1999-06-25",1002047,"1992",2023-02-07
"NFLX","Communication Services","Movies & Entertainment","Los Gatos, California","2010-12-20",1065280,"1997",2023-02-07
"NWL","Consumer Discretionary","Housewares & Specialties","Atlanta, Georgia","1989-04-30",814453,"1903",2023-02-07
"NEM","Materials","Gold","Denver, Colorado","1969-06-30",1164727,"1921",2023-02-07
"NWSA","Communication Services","Publishing","New York City, New York","2013-08-01",1564708,"2013 (1980)",2023-02-07
"NWS","Communication Services","Publishing","New York City, New York","2015-09-18",1564708,"2013 (1980)",2023-02-07
"NEE","Utilities","Multi-Utilities","Juno Beach, Florida","1976-06-30",753308,"1984 (1925)",2023-02-07
"NKE","Consumer Discretionary","Apparel, Accessories & Luxury Goods","Washington County, Oregon","1988-11-30",320187,"1964",2023-02-07
"NI","Utilities","Multi-Utilities","Merrillville, Indiana","",1111711,"1912",2023-02-07
"NDSN","Industrials","Industrial Machinery","Westlake, Ohio","2022-02-15",72331,"1935",2023-02-07
"NSC","Industrials","Railroads","Atlanta, Georgia","1957-03-04",702165,"1881/1894 (1980)",2023-02-07
"NTRS","Financials","Asset Management & Custody Banks","Chicago, Illinois","",73124,"1889",2023-02-07
"NOC","Industrials","Aerospace & Defense","West Falls Church, Virginia","1985-06-30",1133421,"1994 (Northrop 1939, Grumman 1930)",2023-02-07
"NCLH","Consumer Discretionary","Hotels, Resorts & Cruise Lines","Miami, Florida","2017-10-13",1513761,"2011 (1966)",2023-02-07
"NRG","Utilities","Independent Power Producers & Energy Traders","Houston, Texas","2010-01-29",1013871,"1992",2023-02-07
"NUE","Materials","Steel","Charlotte, North Carolina","1985-04-30",73309,"1940",2023-02-07
"NVDA","Information Technology","Semiconductors","Santa Clara, California","2001-11-30",1045810,"1993",2023-02-07
"NVR","Consumer Discretionary","Homebuilding","Reston, Virginia","2019-09-26",906163,"1980",2023-02-07
"NXPI","Information Technology","Semiconductors","Eindhoven, Netherlands","2021-03-22",1413447,"1953",2023-02-07
"ORLY","Consumer Discretionary","Specialty Stores","Springfield, Missouri","2009-03-27",898173,"1957",2023-02-07
"OXY","Energy","Oil & Gas Exploration & Production","Houston, Texas","1982-12-31",797468,"1920",2023-02-07
"ODFL","Industrials","Trucking","Thomasville, North Carolina","2019-12-09",878927,"1934",2023-02-07
"OMC","Communication Services","Advertising","New York City, New York","",29989,"1986",2023-02-07
"ON","Information Technology","Semiconductors","Phoenix, Arizona","2022-06-21",1097864,"1999",2023-02-07
"OKE","Energy","Oil & Gas Storage & Transportation","Tulsa, Oklahoma","2010-03-15",1039684,"1906",2023-02-07
"ORCL","Information Technology","Application Software","Austin, Texas","1989-08-31",1341439,"1977",2023-02-07
"OGN","Health Care","Pharmaceuticals","Jersey City, New Jersey","2021-06-03",1821825,"2021",2023-02-07
"OTIS","Industrials","Industrial Machinery","Farmington, Connecticut","2020-04-03",1781335,"2020 (1853)",2023-02-07
"PCAR","Industrials","Construction Machinery & Heavy Trucks","Bellevue, Washington","1980-12-31",75362,"1905",2023-02-07
"PKG","Materials","Paper Packaging","Lake Forest, Illinois","2017-07-26",75677,"1959",2023-02-07
"PARA","Communication Services","Movies & Entertainment","New York City, New York","",813828,"2019 (1952)",2023-02-07
"PH","Industrials","Industrial Machinery","Cleveland, Ohio","1985-11-30",76334,"1917",2023-02-07
"PAYX","Information Technology","Data Processing & Outsourced Services","Penfield, New York","",723531,"1971",2023-02-07
"PAYC","Information Technology","Application Software","Oklahoma City, Oklahoma","2020-01-28",1590955,"1998",2023-02-07
"PYPL","Information Technology","Data Processing & Outsourced Services","San Jose, California","2015-07-20",1633917,"1998",2023-02-07
"PNR","Industrials","Industrial Machinery","Worsley, United Kingdom","2012-10-01",77360,"1966",2023-02-07
"PEP","Consumer Staples","Soft Drinks","Purchase, New York","1957-03-04",77476,"1898",2023-02-07
"PKI","Health Care","Health Care Equipment","Waltham, Massachusetts","1985-05-31",31791,"1937",2023-02-07
"PFE","Health Care","Pharmaceuticals","New York City, New York","1957-03-04",78003,"1849",2023-02-07
"PCG","Utilities","Multi-Utilities","San Francisco, California","2022-10-03",1004980,"1905",2023-02-07
"PM","Consumer Staples","Tobacco","New York City, New York","2008-03-31",1413329,"2008 (1847)",2023-02-07
"PSX","Energy","Oil & Gas Refining & Marketing","Houston, Texas","2012-05-01",1534701,"2012 (1917)",2023-02-07
"PNW","Utilities","Multi-Utilities","Phoenix, Arizona","",764622,"1985",2023-02-07
"PXD","Energy","Oil & Gas Exploration & Production","Irving, Texas","2008-09-24",1038357,"1997",2023-02-07
"PNC","Financials","Regional Banks","Pittsburgh, Pennsylvania","1988-04-30",713676,"1845",2023-02-07
"POOL","Consumer Discretionary","Distributors","Covington, Louisiana","2020-10-07",945841,"1993",2023-02-07
"PPG","Materials","Specialty Chemicals","Pittsburgh, Pennsylvania","1957-03-04",79879,"1883",2023-02-07
"PPL","Utilities","Electric Utilities","Allentown, Pennsylvania","",922224,"1920",2023-02-07
"PFG","Financials","Life & Health Insurance","Des Moines, Iowa","2002-07-22",1126328,"1879",2023-02-07
"PG","Consumer Staples","Personal Products","Cincinnati, Ohio","1957-03-04",80424,"1837",2023-02-07
"PGR","Financials","Property & Casualty Insurance","Mayfield Village, Ohio","1997-08-04",80661,"1937",2023-02-07
"PLD","Real Estate","Industrial REITs","San Francisco, California","2003-07-17",1045609,"1983",2023-02-07
"PRU","Financials","Life & Health Insurance","Newark, New Jersey","2002-07-22",1137774,"1875",2023-02-07
"PEG","Utilities","Electric Utilities","Newark, New Jersey","1957-03-04",788784,"1903",2023-02-07
"PTC","Information Technology","Application Software","Boston, Massachusetts","2021-04-20",857005,"1985",2023-02-07
"PSA","Real Estate","Specialized REITs","Glendale, California","2005-08-19",1393311,"1972",2023-02-07
"PHM","Consumer Discretionary","Homebuilding","Atlanta, Georgia","1984-04-30",822416,"1956",2023-02-07
"QRVO","Information Technology","Semiconductors","Greensboro, North Carolina","2015-06-11",1604778,"2015",2023-02-07
"PWR","Industrials","Construction & Engineering","Houston, Texas","2009-07-01",1050915,"1997",2023-02-07
"QCOM","Information Technology","Semiconductors","San Diego, California","",804328,"1985",2023-02-07
"DGX","Health Care","Health Care Services","Secaucus, New Jersey","2002-12-12",1022079,"1967",2023-02-07
"RL","Consumer Discretionary","Apparel, Accessories & Luxury Goods","New York City, New York","2007-02-02",1037038,"1967",2023-02-07
"RJF","Financials","Investment Banking & Brokerage","St. Petersburg, Florida","2017-03-20",720005,"1962",2023-02-07
"RTX","Industrials","Aerospace & Defense","Waltham, Massachusetts","",101829,"1922",2023-02-07
"O","Real Estate","Retail REITs","San Diego, California","2015-04-07",726728,"1969",2023-02-07
"REG","Real Estate","Retail REITs","Jacksonville, Florida","2017-03-02",910606,"1963",2023-02-07
"REGN","Health Care","Biotechnology","Tarrytown, New York","2013-05-01",872589,"1988",2023-02-07
"RF","Financials","Regional Banks","Birmingham, Alabama","1998-08-28",1281761,"1971",2023-02-07
"RSG","Industrials","Environmental & Facilities Services","Phoenix, Arizona","2008-12-05",1060391,"1998 (1981)",2023-02-07
"RMD","Health Care","Health Care Equipment","San Diego, California","2017-07-26",943819,"1989",2023-02-07
"RHI","Industrials","Human Resource & Employment Services","Menlo Park, California","2000-12-05",315213,"1948",2023-02-07
"ROK","Industrials","Electrical Components & Equipment","Milwaukee, Wisconsin","",1024478,"1903",2023-02-07
"ROL","Industrials","Environmental & Facilities Services","Atlanta, Georgia","2018-10-01",84839,"1948",2023-02-07
"ROP","Information Technology","Electronic Equipment & Instruments","Sarasota, Florida","2009-12-23",882835,"1981",2023-02-07
"ROST","Consumer Discretionary","Apparel Retail","Dublin, California","2009-12-21",745732,"1982",2023-02-07
"RCL","Consumer Discretionary","Hotels, Resorts & Cruise Lines","Miami, Florida","2014-12-05",884887,"1997",2023-02-07
"SPGI","Financials","Financial Exchanges & Data","New York City, New York","",64040,"1917",2023-02-07
"CRM","Information Technology","Application Software","San Francisco, California","2008-09-15",1108524,"1999",2023-02-07
"SBAC","Real Estate","Specialized REITs","Boca Raton, Florida","2017-09-01",1034054,"1989",2023-02-07
"SLB","Energy","Oil & Gas Equipment & Services","Curaçao, Kingdom of the Netherlands","1965-03-31",87347,"1926",2023-02-07
"STX","Information Technology","Technology Hardware, Storage & Peripherals","Dublin, Ireland","2012-07-02",1137789,"1979",2023-02-07
"SEE","Materials","Paper Packaging","Charlotte, North Carolina","1957-03-04",1012100,"1960",2023-02-07
"SRE","Utilities","Multi-Utilities","San Diego, California","",1032208,"1998",2023-02-07
"NOW","Information Technology","Systems Software","Santa Clara, California","2019-11-21",1373715,"2003",2023-02-07
"SHW","Materials","Specialty Chemicals","Cleveland, Ohio","1964-06-30",89800,"1866",2023-02-07
"SBNY","Financials","Regional Banks","New York City, New York","2021-12-20",1288784,"2001",2023-02-07
"SPG","Real Estate","Retail REITs","Indianapolis, Indiana","2002-06-26",1063761,"2003",2023-02-07
"SWKS","Information Technology","Semiconductors","Irvine, California","2015-03-12",4127,"2002",2023-02-07
"SJM","Consumer Staples","Packaged Foods & Meats","Orrville, Ohio","2008-11-06",91419,"1897",2023-02-07
"SNA","Industrials","Industrial Machinery","Kenosha, Wisconsin","1982-09-30",91440,"1920",2023-02-07
"SEDG","Information Technology","Semiconductor Equipment","Herzliya, Israel","2021-12-20",1419612,"2006",2023-02-07
"SO","Utilities","Electric Utilities","Atlanta, Georgia","1957-03-04",92122,"1945",2023-02-07
"LUV","Industrials","Airlines","Dallas, Texas","1994-07-01",92380,"1967",2023-02-07
"SWK","Industrials","Industrial Machinery","New Britain, Connecticut","1982-09-30",93556,"1843",2023-02-07
"SBUX","Consumer Discretionary","Restaurants","Seattle, Washington","2000-06-07",829224,"1971",2023-02-07
"STT","Financials","Asset Management & Custody Banks","Boston, Massachusetts","",93751,"1792",2023-02-07
"STLD","Materials","Steel","Fort Wayne, Indiana","2022-12-22",1022671,"1993",2023-02-07
"STE","Health Care","Health Care Equipment","Dublin, Ireland","2019-12-23",1757898,"1985",2023-02-07
"SYK","Health Care","Health Care Equipment","Kalamazoo, Michigan","2000-12-12",310764,"1941",2023-02-07
"SIVB","Financials","Regional Banks","Santa Clara, California","2018-03-19",719739,"1983",2023-02-07
"SYF","Financials","Consumer Finance","Stamford, Connecticut","2015-11-18",1601712,"2003",2023-02-07
"SNPS","Information Technology","Application Software","Mountain View, California","2017-03-16",883241,"1986",2023-02-07
"SYY","Consumer Staples","Food Distributors","Houston, Texas","1986-12-31",96021,"1969",2023-02-07
"TMUS","Communication Services","Wireless Telecommunication Services","Bellevue, Washington","2019-07-15",1283699,"1994",2023-02-07
"TROW","Financials","Asset Management & Custody Banks","Baltimore, Maryland","",1113169,"1937",2023-02-07
"TTWO","Communication Services","Interactive Home Entertainment","New York City, New York","2018-03-19",946581,"1993",2023-02-07
"TPR","Consumer Discretionary","Apparel, Accessories & Luxury Goods","New York City, New York","",1116132,"2017",2023-02-07
"TRGP","Energy","Oil & Gas Storage & Transportation","Houston, Texas","2022-10-12",1389170,"2005",2023-02-07
"TGT","Consumer Discretionary","General Merchandise Stores","Minneapolis, Minnesota","1976-12-31",27419,"1902",2023-02-07
"TEL","Information Technology","Electronic Manufacturing Services","Schaffhausen, Switzerland","2011-10-17",1385157,"2007",2023-02-07
"TDY","Information Technology","Electronic Equipment & Instruments","Thousand Oaks, California","2020-06-22",1094285,"1960",2023-02-07
"TFX","Health Care","Health Care Equipment","Wayne, Pennsylvania","2019-01-18",96943,"1943",2023-02-07
"TER","Information Technology","Semiconductor Equipment","North Reading, Massachusetts","2020-09-21",97210,"1960",2023-02-07
"TSLA","Consumer Discretionary","Automobile Manufacturers","Austin, Texas","2020-12-21",1318605,"2003",2023-02-07
"TXN","Information Technology","Semiconductors","Dallas, Texas","",97476,"1930",2023-02-07
"TXT","Industrials","Aerospace & Defense","Providence, Rhode Island","1978-12-31",217346,"1923",2023-02-07
"TMO","Health Care","Life Sciences Tools & Services","Waltham, Massachusetts","2004-08-03",97745,"2006 (1902)",2023-02-07
"TJX","Consumer Discretionary","Apparel Retail","Framingham, Massachusetts","1985-09-30",109198,"1987",2023-02-07
"TSCO","Consumer Discretionary","Specialty Stores","Brentwood, Tennessee","2014-01-24",916365,"1938",2023-02-07
"TT","Industrials","Building Products","Dublin, Ireland","2010-11-17",1466258,"1871",2023-02-07
"TDG","Industrials","Aerospace & Defense","Cleveland, Ohio","2016-06-03",1260221,"1993",2023-02-07
"TRV","Financials","Property & Casualty Insurance","New York City, New York","2002-08-21",86312,"1853",2023-02-07
"TRMB","Information Technology","Electronic Equipment & Instruments","Westminster, Colorado","2021-01-21",864749,"1978",2023-02-07
"TFC","Financials","Regional Banks","Charlotte, North Carolina","1997-12-04",92230,"1872",2023-02-07
"TYL","Information Technology","Application Software","Plano, Texas","2020-06-22",860731,"1966",2023-02-07
"TSN","Consumer Staples","Packaged Foods & Meats","Springdale, Arkansas","2005-08-10",100493,"1935",2023-02-07
"USB","Financials","Diversified Banks","Minneapolis, Minnesota","",36104,"1968",2023-02-07
"UDR","Real Estate","Residential REITs","Highlands Ranch, Colorado","2016-03-07",74208,"1972",2023-02-07
"ULTA","Consumer Discretionary","Specialty Stores","Bolingbrook, Illinois","2016-04-18",1403568,"1990",2023-02-07
"UNP","Industrials","Railroads","Omaha, Nebraska","1957-03-04",100885,"1862",2023-02-07
"UAL","Industrials","Airlines","Chicago, Illinois","2015-09-03",100517,"1967",2023-02-07
"UPS","Industrials","Air Freight & Logistics","Sandy Springs, Georgia","2002-07-22",1090727,"1907",2023-02-07
"URI","Industrials","Trading Companies & Distributors","Stamford, Connecticut","2014-09-20",1067701,"1997",2023-02-07
"UNH","Health Care","Managed Health Care","Minnetonka, Minnesota","1994-07-01",731766,"1977",2023-02-07
"UHS","Health Care","Health Care Facilities","King of Prussia, Pennsylvania","2014-09-20",352915,"1979",2023-02-07
"VLO","Energy","Oil & Gas Refining & Marketing","San Antonio, Texas","",1035002,"1980",2023-02-07
"VTR","Real Estate","Health Care REITs","Chicago, Illinois","2009-03-04",740260,"1998",2023-02-07
"VRSN","Information Technology","Internet Services & Infrastructure","Dulles, Virginia","2006-02-01",1014473,"1995",2023-02-07
"VRSK","Industrials","Research & Consulting Services","Jersey City, New Jersey","2015-10-08",1442145,"1971",2023-02-07
"VZ","Communication Services","Integrated Telecommunication Services","New York City, New York","1983-11-30",732712,"1983 (1877)",2023-02-07
"VRTX","Health Care","Biotechnology","Cambridge, Massachusetts","2013-09-23",875320,"1989",2023-02-07
"VFC","Consumer Discretionary","Apparel, Accessories & Luxury Goods","Denver, Colorado","1979-06-30",103379,"1899",2023-02-07
"VTRS","Health Care","Pharmaceuticals","Pittsburgh, Pennsylvania","2004-04-23",1792044,"1961",2023-02-07
"VICI","Real Estate","Hotel & Resort REITs","New York City, New York","2022-06-08",1705696,"2017",2023-02-07
"V","Information Technology","Data Processing & Outsourced Services","San Francisco, California","2009-12-21",1403161,"1958",2023-02-07
"VMC","Materials","Construction Materials","Birmingham, Alabama","1999-06-30",1396009,"1909",2023-02-07
"WAB","Industrials","Construction Machinery & Heavy Trucks","Pittsburgh, Pennsylvania","2019-02-27",943452,"1999 (1869)",2023-02-07
"WBA","Consumer Staples","Drug Retail","Deerfield, Illinois","1979-12-31",1618921,"2014",2023-02-07
"WMT","Consumer Staples","Hypermarkets & Super Centers","Bentonville, Arkansas","1982-08-31",104169,"1962",2023-02-07
"WBD","Communication Services","Broadcasting","New York City, New York","2022-04-11",1437107,"2022",2023-02-07
"WM","Industrials","Environmental & Facilities Services","Houston, Texas","",823768,"1968",2023-02-07
"WAT","Health Care","Health Care Distributors","Milford, Massachusetts","",1000697,"1958",2023-02-07
"WEC","Utilities","Electric Utilities","Milwaukee, Wisconsin","2008-10-31",783325,"1896",2023-02-07
"WFC","Financials","Diversified Banks","San Francisco, California","1976-06-30",72971,"1852",2023-02-07
"WELL","Real Estate","Health Care REITs","Toledo, Ohio","2009-01-30",766704,"1970",2023-02-07
"WST","Health Care","Health Care Supplies","Exton, Pennsylvania","2020-05-22",105770,"1923",2023-02-07
"WDC","Information Technology","Technology Hardware, Storage & Peripherals","San Jose, California","2009-07-01",106040,"1970",2023-02-07
"WRK","Materials","Paper Packaging","Atlanta, Georgia","",1732845,"2015",2023-02-07
"WY","Real Estate","Specialized REITs","Seattle, Washington","",106535,"1900",2023-02-07
"WHR","Consumer Discretionary","Household Appliances","Benton Harbor, Michigan","",106640,"1911",2023-02-07
"WMB","Energy","Oil & Gas Storage & Transportation","Tulsa, Oklahoma","1975-03-31",107263,"1908",2023-02-07
"WTW","Financials","Insurance Brokers","London, United Kingdom","2016-01-05",1140536,"2016",2023-02-07
"GWW","Industrials","Industrial Machinery","Lake Forest, Illinois","1981-06-30",277135,"1927",2023-02-07
"WYNN","Consumer Discretionary","Casinos & Gaming","Paradise, Nevada","2008-11-14",1174922,"2002",2023-02-07
"XEL","Utilities","Multi-Utilities","Minneapolis, Minnesota","1957-03-04",72903,"1909",2023-02-07
"XYL","Industrials","Industrial Machinery","White Plains, New York","2011-11-01",1524472,"2011",2023-02-07
"YUM","Consumer Discretionary","Restaurants","Louisville, Kentucky","1997-10-06",1041061,"1997",2023-02-07
"ZBRA","Information Technology","Electronic Equipment & Instruments","Lincolnshire, Illinois","2019-12-23",877212,"1969",2023-02-07
"ZBH","Health Care","Health Care Equipment","Warsaw, Indiana","2001-08-07",1136869,"1927",2023-02-07
"ZION","Financials","Regional Banks","Salt Lake City, Utah","2001-06-22",109380,"1873",2023-02-07
"ZTS","Health Care","Pharmaceuticals","Parsippany, New Jersey","2013-06-21",1555280,"1952",2023-02-07
